scenario,step,governed,protected_present,directive_count,transitions
sustained,0,0,1,0,0
sustained,1,0,1,0,0
sustained,2,0,1,0,0
sustained,3,0,1,0,0
sustained,4,0,1,0,0
sustained,5,0,1,0,0
sustained,6,0,1,0,0
sustained,7,1,1,1,1
sustained,8,1,1,1,1
sustained,9,1,1,1,1
sustained,10,1,1,1,1
sustained,11,1,1,1,1
sustained,12,1,1,1,1
sustained,13,1,1,1,1
sustained,14,1,1,1,1
sustained,15,1,1,1,1
sustained,16,1,1,1,1
sustained,17,1,1,1,1
sustained,18,1,1,1,1
sustained,19,1,1,1,1
sustained,20,1,1,1,1
sustained,21,1,1,1,1
sustained,22,1,1,1,1
sustained,23,1,1,1,1
sustained,24,1,1,1,1
sustained,25,1,1,1,1
sustained,26,1,1,1,1
sustained,27,1,1,1,1
sustained,28,1,1,1,1
sustained,29,1,1,1,1
sustained,30,1,1,1,1
sustained,31,1,1,1,1
sustained,32,1,1,1,1
sustained,33,1,1,1,1
sustained,34,1,1,1,1
sustained,35,1,1,1,1
sustained,36,1,1,1,1
sustained,37,1,1,1,1
sustained,38,1,1,1,1
sustained,39,0,1,0,2
sustained,40,0,1,0,2
sustained,41,0,1,0,2
sustained,42,0,1,0,2
sustained,43,0,1,0,2
isolated_spike,0,0,1,0,0
isolated_spike,1,0,1,0,0
isolated_spike,2,0,1,0,0
isolated_spike,3,0,1,0,0
isolated_spike,4,0,1,0,0
isolated_spike,5,0,1,0,0
isolated_spike,6,0,1,0,0
isolated_spike,7,0,1,0,0
isolated_spike,8,0,1,0,0
isolated_spike,9,0,1,0,0
isolated_spike,10,0,1,0,0
low_confidence_hold,0,0,1,0,0
low_confidence_hold,1,0,1,0,0
low_confidence_hold,2,0,1,0,0
low_confidence_hold,3,0,1,0,0
low_confidence_hold,4,0,1,0,0
low_confidence_hold,5,0,1,0,0
low_confidence_hold,6,0,1,0,0
low_confidence_hold,7,1,1,1,1
low_confidence_hold,8,1,1,1,1
low_confidence_hold,9,1,1,1,1
low_confidence_hold,10,1,1,1,1
low_confidence_hold,11,1,1,1,1
low_confidence_hold,12,1,1,1,1
low_confidence_hold,13,1,1,1,1
low_confidence_hold,14,1,1,1,1
low_confidence_hold,15,1,1,1,1
low_confidence_hold,16,0,1,0,2
low_confidence_hold,17,0,1,0,2
low_confidence_hold,18,0,1,0,2
silence_hold,0,0,1,0,0
silence_hold,1,0,1,0,0
silence_hold,2,0,1,0,0
silence_hold,3,0,1,0,0
silence_hold,4,0,1,0,0
silence_hold,5,0,1,0,0
silence_hold,6,0,1,0,0
silence_hold,7,1,1,1,1
silence_hold,8,1,1,1,1
silence_hold,9,1,1,1,1
silence_hold,10,1,1,1,1
silence_hold,11,1,1,1,1
silence_hold,12,1,1,1,1
silence_hold,13,1,1,1,1
silence_hold,14,1,1,1,1
silence_hold,15,1,1,1,1
silence_hold,16,0,1,0,2
silence_hold,17,0,1,0,2
silence_hold,18,0,1,0,2
falling_negative_control,0,0,1,0,0
falling_negative_control,1,0,1,0,0
falling_negative_control,2,0,1,0,0
falling_negative_control,3,0,1,0,0
falling_negative_control,4,0,1,0,0
falling_negative_control,5,0,1,0,0
falling_negative_control,6,0,1,0,0
falling_negative_control,7,0,1,0,0
falling_negative_control,8,0,1,0,0
falling_negative_control,9,0,1,0,0
falling_negative_control,10,0,1,0,0
falling_negative_control,11,0,1,0,0
falling_negative_control,12,0,1,0,0
falling_negative_control,13,0,1,0,0
falling_negative_control,14,0,1,0,0
falling_negative_control,15,0,1,0,0
falling_negative_control,16,0,1,0,0
falling_negative_control,17,0,1,0,0
falling_negative_control,18,0,1,0,0
falling_negative_control,19,0,1,0,0
falling_negative_control,20,0,1,0,0
falling_negative_control,21,0,1,0,0
sign_reversal_pending,0,0,1,0,0
sign_reversal_pending,1,0,1,0,0
sign_reversal_pending,2,0,1,0,0
sign_reversal_pending,3,0,1,0,0
sign_reversal_pending,4,0,1,0,0
sign_reversal_pending,5,0,1,0,0
sign_reversal_pending,6,0,1,0,0
sign_reversal_pending,7,0,1,0,0
sign_reversal_pending,8,0,1,0,0
sign_reversal_pending,9,0,1,0,0
sign_reversal_pending,10,0,1,0,0
sign_reversal_pending,11,1,1,1,1
sign_reversal_pending,12,0,1,0,2
sign_reversal_pending,13,0,1,0,2
sign_reversal_pending,14,0,1,0,2
gap_boundary,0,0,1,0,0
gap_boundary,1,0,1,0,0
gap_boundary,2,0,1,0,0
gap_boundary,3,0,1,0,0
gap_boundary,4,0,1,0,0
gap_boundary,5,0,1,0,0
gap_boundary,6,0,1,0,0
gap_boundary,7,1,1,1,1
gap_boundary,8,0,1,0,2
gap_boundary,9,0,1,0,2
gap_boundary,10,0,1,0,2
gap_reset,0,0,1,0,0
gap_reset,1,0,1,0,0
gap_reset,2,0,1,0,0
gap_reset,3,0,1,0,0
gap_reset,4,0,1,0,0
gap_reset,5,0,1,0,0
gap_reset,6,0,1,0,0
gap_reset,7,0,1,0,0
gap_reset,8,0,1,0,0
gap_reset,9,1,1,1,1
gap_reset,10,0,1,0,2
gap_reset,11,0,1,0,2
gap_reset,12,0,1,0,2
steady_nominal,0,0,1,0,0
steady_nominal,1,0,1,0,0
steady_nominal,2,0,1,0,0
steady_nominal,3,0,1,0,0
steady_nominal,4,0,1,0,0
steady_nominal,5,0,1,0,0
steady_nominal,6,0,1,0,0
steady_nominal,7,0,1,0,0
steady_nominal,8,0,1,0,0
steady_nominal,9,0,1,0,0
steady_nominal,10,0,1,0,0
steady_nominal,11,0,1,0,0
steady_nominal,12,0,1,0,0
steady_nominal,13,0,1,0,0
steady_nominal,14,0,1,0,0
steady_nominal,15,0,1,0,0
steady_nominal,16,0,1,0,0
steady_nominal,17,0,1,0,0
steady_nominal,18,0,1,0,0
steady_nominal,19,0,1,0,0
steady_nominal,20,0,1,0,0
steady_nominal,21,0,1,0,0
steady_nominal,22,0,1,0,0
steady_nominal,23,0,1,0,0
steady_nominal,24,0,1,0,0
steady_nominal,25,0,1,0,0
steady_nominal,26,0,1,0,0
steady_nominal,27,0,1,0,0
steady_nominal,28,0,1,0,0
steady_nominal,29,0,1,0,0
slow_ramp_challenge,0,0,1,0,0
slow_ramp_challenge,1,0,1,0,0
slow_ramp_challenge,2,0,1,0,0
slow_ramp_challenge,3,0,1,0,0
slow_ramp_challenge,4,0,1,0,0
slow_ramp_challenge,5,0,1,0,0
slow_ramp_challenge,6,0,1,0,0
slow_ramp_challenge,7,0,1,0,0
slow_ramp_challenge,8,0,1,0,0
slow_ramp_challenge,9,0,1,0,0
slow_ramp_challenge,10,0,1,0,0
slow_ramp_challenge,11,0,1,0,0
slow_ramp_challenge,12,0,1,0,0
slow_ramp_challenge,13,0,1,0,0
slow_ramp_challenge,14,0,1,0,0
slow_ramp_challenge,15,0,1,0,0
slow_ramp_challenge,16,0,1,0,0
slow_ramp_challenge,17,0,1,0,0
slow_ramp_challenge,18,0,1,0,0
slow_ramp_challenge,19,0,1,0,0
slow_ramp_challenge,20,0,1,0,0
slow_ramp_challenge,21,0,1,0,0
slow_ramp_challenge,22,0,1,0,0
slow_ramp_challenge,23,0,1,0,0
slow_ramp_challenge,24,0,1,0,0
slow_ramp_challenge,25,0,1,0,0
slow_ramp_challenge,26,0,1,0,0
slow_ramp_challenge,27,0,1,0,0
slow_ramp_challenge,28,0,1,0,0
slow_ramp_challenge,29,0,1,0,0
slow_ramp_challenge,30,0,1,0,0
slow_ramp_challenge,31,0,1,0,0
slow_ramp_challenge,32,0,1,0,0
slow_ramp_challenge,33,0,1,0,0
slow_ramp_challenge,34,0,1,0,0
slow_ramp_challenge,35,0,1,0,0
slow_ramp_challenge,36,0,1,0,0
slow_ramp_challenge,37,0,1,0,0
slow_ramp_challenge,38,0,1,0,0
slow_ramp_challenge,39,0,1,0,0
slow_ramp_challenge,40,0,1,0,0
slow_ramp_challenge,41,0,1,0,0
slow_ramp_challenge,42,0,1,0,0
slow_ramp_challenge,43,0,1,0,0
slow_ramp_challenge,44,0,1,0,0
slow_ramp_challenge,45,0,1,0,0
slow_ramp_challenge,46,0,1,0,0
slow_ramp_challenge,47,0,1,0,0
slow_ramp_challenge,48,0,1,0,0
slow_ramp_challenge,49,0,1,0,0
slow_ramp_challenge,50,0,1,0,0
slow_ramp_challenge,51,0,1,0,0
slow_ramp_challenge,52,0,1,0,0
slow_ramp_challenge,53,0,1,0,0
slow_ramp_challenge,54,0,1,0,0
slow_ramp_challenge,55,0,1,0,0
slow_ramp_challenge,56,0,1,0,0
slow_ramp_challenge,57,0,1,0,0
slow_ramp_challenge,58,0,1,0,0
slow_ramp_challenge,59,0,1,0,0
slow_ramp_challenge,60,0,1,0,0
slow_ramp_challenge,61,0,1,0,0
slow_ramp_challenge,62,0,1,0,0
slow_ramp_challenge,63,0,1,0,0
slow_ramp_challenge,64,0,1,0,0
slow_ramp_challenge,65,0,1,0,0
slow_ramp_challenge,66,0,1,0,0
slow_ramp_challenge,67,0,1,0,0
slow_ramp_challenge,68,0,1,0,0
slow_ramp_challenge,69,0,1,0,0
slow_ramp_challenge,70,0,1,0,0
slow_ramp_challenge,71,0,1,0,0
slow_ramp_challenge,72,0,1,0,0
slow_ramp_challenge,73,0,1,0,0
slow_ramp_challenge,74,0,1,0,0
slow_ramp_challenge,75,0,1,0,0
slow_ramp_challenge,76,0,1,0,0
slow_ramp_challenge,77,0,1,0,0
slow_ramp_challenge,78,0,1,0,0
slow_ramp_challenge,79,0,1,0,0
slow_ramp_challenge,80,0,1,0,0
slow_ramp_challenge,81,0,1,0,0
slow_ramp_challenge,82,0,1,0,0
slow_ramp_challenge,83,0,1,0,0
slow_ramp_challenge,84,0,1,0,0
slow_ramp_challenge,85,0,1,0,0
slow_ramp_challenge,86,0,1,0,0
slow_ramp_challenge,87,0,1,0,0
slow_ramp_challenge,88,0,1,0,0
slow_ramp_challenge,89,0,1,0,0
slow_ramp_challenge,90,0,1,0,0
slow_ramp_challenge,91,0,1,0,0
slow_ramp_challenge,92,0,1,0,0
slow_ramp_challenge,93,0,1,0,0
slow_ramp_challenge,94,0,1,0,0
slow_ramp_challenge,95,0,1,0,0
slow_ramp_challenge,96,0,1,0,0
slow_ramp_challenge,97,0,1,0,0
slow_ramp_challenge,98,0,1,0,0
slow_ramp_challenge,99,0,1,0,0
slow_ramp_challenge,100,0,1,0,0
slow_ramp_challenge,101,0,1,0,0
slow_ramp_challenge,102,0,1,0,0
slow_ramp_challenge,103,0,1,0,0
slow_ramp_challenge,104,0,1,0,0
slow_ramp_challenge,105,0,1,0,0
slow_ramp_challenge,106,0,1,0,0
slow_ramp_challenge,107,0,1,0,0
slow_ramp_challenge,108,0,1,0,0
slow_ramp_challenge,109,0,1,0,0
slow_ramp_challenge,110,0,1,0,0
slow_ramp_challenge,111,0,1,0,0
slow_ramp_challenge,112,0,1,0,0
slow_ramp_challenge,113,0,1,0,0
slow_ramp_challenge,114,0,1,0,0
slow_ramp_challenge,115,0,1,0,0
slow_ramp_challenge,116,0,1,0,0
slow_ramp_challenge,117,0,1,0,0
slow_ramp_challenge,118,0,1,0,0
slow_ramp_challenge,119,0,1,0,0
slow_ramp_challenge,120,0,1,0,0
slow_ramp_challenge,121,0,1,0,0
slow_ramp_challenge,122,0,1,0,0
slow_ramp_challenge,123,0,1,0,0
slow_ramp_challenge,124,0,1,0,0
slow_ramp_challenge,125,0,1,0,0
slow_ramp_challenge,126,0,1,0,0
slow_ramp_challenge,127,0,1,0,0
slow_ramp_challenge,128,0,1,0,0
slow_ramp_challenge,129,0,1,0,0
slow_ramp_challenge,130,0,1,0,0
slow_ramp_challenge,131,0,1,0,0
slow_ramp_challenge,132,0,1,0,0
slow_ramp_challenge,133,0,1,0,0
slow_ramp_challenge,134,0,1,0,0
slow_ramp_challenge,135,0,1,0,0
slow_ramp_challenge,136,0,1,0,0
slow_ramp_challenge,137,0,1,0,0
slow_ramp_challenge,138,0,1,0,0
slow_ramp_challenge,139,0,1,0,0
slow_ramp_challenge,140,0,1,0,0
slow_ramp_challenge,141,0,1,0,0
slow_ramp_challenge,142,0,1,0,0
slow_ramp_challenge,143,0,1,0,0
slow_ramp_challenge,144,0,1,0,0
slow_ramp_challenge,145,0,1,0,0
slow_ramp_challenge,146,0,1,0,0
slow_ramp_challenge,147,0,1,0,0
slow_ramp_challenge,148,0,1,0,0
slow_ramp_challenge,149,0,1,0,0
slow_ramp_challenge,150,0,1,0,0
slow_ramp_challenge,151,0,1,0,0
slow_ramp_challenge,152,0,1,0,0
slow_ramp_challenge,153,0,1,0,0
slow_ramp_challenge,154,0,1,0,0
slow_ramp_challenge,155,0,1,0,0
slow_ramp_challenge,156,0,1,0,0
slow_ramp_challenge,157,0,1,0,0
slow_ramp_challenge,158,0,1,0,0
slow_ramp_challenge,159,0,1,0,0
slow_ramp_challenge,160,0,1,0,0
slow_ramp_challenge,161,0,1,0,0
slow_ramp_challenge,162,0,1,0,0
slow_ramp_challenge,163,0,1,0,0
slow_ramp_challenge,164,0,1,0,0
slow_ramp_challenge,165,0,1,0,0
slow_ramp_challenge,166,0,1,0,0
slow_ramp_challenge,167,0,1,0,0
slow_ramp_challenge,168,0,1,0,0
slow_ramp_challenge,169,0,1,0,0
slow_ramp_challenge,170,0,1,0,0
slow_ramp_challenge,171,0,1,0,0
slow_ramp_challenge,172,0,1,0,0
slow_ramp_challenge,173,0,1,0,0
slow_ramp_challenge,174,0,1,0,0
slow_ramp_challenge,175,0,1,0,0
slow_ramp_challenge,176,0,1,0,0
slow_ramp_challenge,177,0,1,0,0
slow_ramp_challenge,178,0,1,0,0
slow_ramp_challenge,179,0,1,0,0
slow_ramp_challenge,180,0,1,0,0
slow_ramp_challenge,181,0,1,0,0
slow_ramp_challenge,182,0,1,0,0
slow_ramp_challenge,183,0,1,0,0
slow_ramp_challenge,184,0,1,0,0
slow_ramp_challenge,185,0,1,0,0
slow_ramp_challenge,186,0,1,0,0
slow_ramp_challenge,187,0,1,0,0
slow_ramp_challenge,188,0,1,0,0
slow_ramp_challenge,189,0,1,0,0
slow_ramp_challenge,190,0,1,0,0
slow_ramp_challenge,191,0,1,0,0
slow_ramp_challenge,192,0,1,0,0
slow_ramp_challenge,193,0,1,0,0
slow_ramp_challenge,194,0,1,0,0
slow_ramp_challenge,195,0,1,0,0
slow_ramp_challenge,196,0,1,0,0
slow_ramp_challenge,197,0,1,0,0
slow_ramp_challenge,198,0,1,0,0
slow_ramp_challenge,199,0,1,0,0
slow_ramp_challenge,200,0,1,0,0
slow_ramp_challenge,201,0,1,0,0
slow_ramp_challenge,202,0,1,0,0
slow_ramp_challenge,203,0,1,0,0
slow_ramp_challenge,204,0,1,0,0
slow_ramp_challenge,205,0,1,0,0
slow_ramp_challenge,206,0,1,0,0
slow_ramp_challenge,207,0,1,0,0
slow_ramp_challenge,208,0,1,0,0
slow_ramp_challenge,209,0,1,0,0
slow_ramp_challenge,210,0,1,0,0
slow_ramp_challenge,211,0,1,0,0
slow_ramp_challenge,212,0,1,0,0
slow_ramp_challenge,213,0,1,0,0
slow_ramp_challenge,214,0,1,0,0
shifted_baseline_challenge,0,0,1,0,0
shifted_baseline_challenge,1,0,1,0,0
shifted_baseline_challenge,2,0,1,0,0
shifted_baseline_challenge,3,0,1,0,0
shifted_baseline_challenge,4,0,1,0,0
shifted_baseline_challenge,5,0,1,0,0
shifted_baseline_challenge,6,0,1,0,0
shifted_baseline_challenge,7,0,1,0,0
shifted_baseline_challenge,8,0,1,0,0
shifted_baseline_challenge,9,0,1,0,0
shifted_baseline_challenge,10,0,1,0,0
shifted_baseline_challenge,11,0,1,0,0
shifted_baseline_challenge,12,0,1,0,0
shifted_baseline_challenge,13,0,1,0,0
shifted_baseline_challenge,14,0,1,0,0
shifted_baseline_challenge,15,0,1,0,0
shifted_baseline_challenge,16,0,1,0,0
shifted_baseline_challenge,17,0,1,0,0
shifted_baseline_challenge,18,0,1,0,0
shifted_baseline_challenge,19,0,1,0,0
shifted_baseline_challenge,20,0,1,0,0
shifted_baseline_challenge,21,0,1,0,0
shifted_baseline_challenge,22,0,1,0,0
shifted_baseline_challenge,23,0,1,0,0
shifted_baseline_challenge,24,0,1,0,0
shifted_baseline_challenge,25,0,1,0,0
shifted_baseline_challenge,26,0,1,0,0
shifted_baseline_challenge,27,0,1,0,0
shifted_baseline_challenge,28,0,1,0,0
shifted_baseline_challenge,29,0,1,0,0
shifted_baseline_challenge,30,0,1,0,0
shifted_baseline_challenge,31,0,1,0,0
shifted_baseline_challenge,32,0,1,0,0
shifted_baseline_challenge,33,0,1,0,0
shifted_baseline_challenge,34,0,1,0,0
shifted_baseline_challenge,35,0,1,0,0
shifted_baseline_challenge,36,0,1,0,0
shifted_baseline_challenge,37,0,1,0,0
shifted_baseline_challenge,38,0,1,0,0
shifted_baseline_challenge,39,0,1,0,0
shifted_baseline_challenge,40,0,1,0,0
shifted_baseline_challenge,41,0,1,0,0
shifted_baseline_challenge,42,0,1,0,0
shifted_baseline_challenge,43,0,1,0,0
shifted_baseline_challenge,44,0,1,0,0
shifted_baseline_challenge,45,0,1,0,0
shifted_baseline_challenge,46,0,1,0,0
shifted_baseline_challenge,47,0,1,0,0
shifted_baseline_challenge,48,0,1,0,0
shifted_baseline_challenge,49,0,1,0,0
shifted_baseline_challenge,50,0,1,0,0
shifted_baseline_challenge,51,0,1,0,0
shifted_baseline_challenge,52,0,1,0,0
shifted_baseline_challenge,53,0,1,0,0
shifted_baseline_challenge,54,0,1,0,0
