scene,sarcasm,implicit_emotion,explicit_emotion,v_audio,a_audio,v_text,a_text,n_matched_words,divergence
1_10009,0,Happiness,Happiness,0.6475165486335754,0.7942030429840088,0.5382857142857143,0.5001428571428571,7,0.3136921549373885
1_1001,0,Excitement,Excitement,0.571686863899231,0.6910407543182373,0.4917142857142857,0.4385714285714286,7,0.2648327277822652
1_105,1,Disgust,Neutral,0.620890736579895,0.8643413782119751,0.5783333333333333,0.3907083333333334,12,0.4755411588623049
1_10810,0,Neutral,Neutral,0.7707436680793762,0.6928087472915649,0.6340526315789474,0.4152631578947369,19,0.30938001495441525
1_10853,0,Sadness,Sadness,0.5262654423713684,0.6210645437240601,0.5048076923076924,0.37388461538461537,13,0.24810955646989535
1_10977,0,Sadness,Sadness,0.5519286394119263,0.6718360185623169,0.6341428571428571,0.4580000000000001,7,0.22909609431784822
1_11120,0,Neutral,Neutral,0.7097285389900208,0.7216286659240723,0.6040500000000001,0.46604999999999996,10,0.27656537758474736
1_11236,0,Anger,Anger,0.48983779549598694,0.8202005624771118,0.42373809523809525,0.46004761904761904,21,0.36616842167930125
1_11253,0,Happiness,Happiness,0.7048282623291016,0.7871694564819336,0.5163,0.3928,10,0.43711574428598
1_11439,1,Disgust,Neutral,0.6902539730072021,0.7511402368545532,0.630607142857143,0.4764285714285714,14,0.2811125103371719
1_11529,0,Neutral,Neutral,0.35357150435447693,0.670390248298645,0.43327272727272725,0.5432727272727272,11,0.150037159018822
1_11723,0,Sadness,Sadness,0.48128005862236023,0.6360194087028503,0.6701874999999999,0.423125,8,0.28462264608562454
1_11736,0,Sadness,Sadness,0.24497239291667938,0.6166784763336182,0.5159444444444444,0.4520555555555556,9,0.31705923540352204
1_1180,1,Frustration,Sadness,0.5969210267066956,0.7720416784286499,0.5775714285714286,0.40871428571428575,14,0.3638422752300976
1_1185,0,Happiness,Happiness,0.9076569676399231,0.7143281102180481,0.66025,0.4292500000000001,6,0.377464881230394
1_11889,0,Happiness,Happiness,0.843616247177124,0.6912530660629272,0.6293214285714285,0.4572142857142857,14,0.31732699221517174
1_11913,1,Ridicule,Sadness,0.45580095052719116,0.5906744003295898,0.5278333333333333,0.46049999999999996,12,0.1487751278739122
1_12202,1,Sadness,Neutral,0.6105605363845825,0.7309933304786682,0.49654999999999994,0.6322,10,0.1508592872638857
1_12320,0,Fear,Fear,0.7311704158782959,0.6987115144729614,0.5138076923076923,0.445423076923077,13,0.33376876156179197
1_12331,0,Surprise,Surprise,0.530805230140686,0.7048998475074768,0.6786000000000001,0.502,5,0.25102119853973476
1_1262,0,Neutral,Neutral,0.6238540410995483,0.5545037388801575,0.5724374999999999,0.4204375,8,0.1435876634885915
1_1466,1,Ridicule,Neutral,0.6764916181564331,0.5489445924758911,0.5585,0.47891666666666666,6,0.13720762496419708
1_1470,0,Sadness,Sadness,0.21401597559452057,0.5585291981697083,0.5041875,0.47643749999999996,8,0.30156021037959607
1_1484,0,Anger,Anger,0.27085983753204346,0.7471326589584351,0.5865,0.45868749999999997,8,0.4275854556569422
1_1549,1,Disgust,Neutral,0.573530912399292,0.7501866817474365,0.5711,0.47350000000000003,10,0.27669736029008346
1_1560,1,Disgust,Happiness,0.6455876231193542,0.688961386680603,0.5572727272727273,0.49168181818181816,11,0.2161452034523721
1_1638,1,Frustration,Neutral,0.49344637989997864,0.6525614261627197,0.5188888888888887,0.5433888888888889,9,0.11209801139385456
1_1666,0,Frustration,Frustration,0.499885231256485,0.7174033522605896,0.5408571428571428,0.4534285714285714,7,0.26713551328029034
1_1722,0,Neutral,Neutral,0.6116020679473877,0.49051856994628906,0.606,0.5780833333333334,6,0.08774378013464093
1_1798,1,Anger,Sadness,0.5032966136932373,0.7958719730377197,0.5619000000000001,0.4388000000000001,10,0.3618490718734396
1_1803,1,Sadness,Neutral,0.6013123989105225,0.6450408101081848,0.5685555555555556,0.3942777777777777,9,0.2528934739571637
1_182,1,Disgust,Happiness,0.667579174041748,0.7560434341430664,0.5131666666666667,0.3832777777777778,9,0.40348166872771807
1_1973,1,Frustration,Happiness,0.9561272859573364,0.7990792989730835,0.688,0.4495,8,0.44056546363209154
1_2198,1,Anger,Neutral,0.6745363473892212,0.771838903427124,0.5949705882352941,0.4231176470588235,17,0.35768313445398386
1_2216,0,Surprise,Surprise,0.25082147121429443,0.9046850204467773,0.44628571428571434,0.6280714285714285,7,0.3387054022741078
1_2354,1,Frustration,Neutral,0.7545287609100342,0.7053087949752808,0.4323333333333334,0.549,6,0.35810938683307003
1_2464,1,Frustration,Happiness,0.7278206944465637,0.5700540542602539,0.6735714285714287,0.4390714285714286,7,0.14177246234840532
1_2575,0,Surprise,Surprise,0.2559345066547394,0.640764594078064,0.532,0.524125,4,0.299694763922658
1_2614,1,Frustration,Neutral,0.612647294998169,0.6602863073348999,0.5214375,0.4443125,8,0.23444383582926737
1_2616,1,Frustration,Excitement,0.5717558860778809,0.7961018681526184,0.428625,0.5388124999999999,8,0.2944219243089974
1_2669,0,Surprise,Surprise,0.2927587926387787,0.5180839896202087,0.504625,0.5834375,8,0.22171687157406295
1_2778,1,Disgust,Neutral,0.7930974960327148,0.7718683481216431,0.578625,0.4306875,8,0.40299233575777416
1_2792,0,Neutral,Neutral,0.6319258213043213,0.6714005470275879,0.5834999999999999,0.4799375,8,0.1974921733793175
1_2797,1,Anger,Neutral,0.6320052742958069,0.7564870119094849,0.6255000000000001,0.3838333333333333,6,0.3727104543073636
1_2830,0,Sadness,Sadness,0.8272988200187683,0.8240659236907959,0.5771818181818182,0.4174545454545454,11,0.47737964715631526
1_3069,0,Frustration,Frustration,0.5326194763183594,0.5952476263046265,0.45070000000000005,0.52555,10,0.10755723923927017
1_3177,0,Happiness,Happiness,0.7775399684906006,0.740848183631897,0.664125,0.5106875,8,0.2565870132481886
1_3256,1,Disgust,Happiness,0.6285947561264038,0.6385089755058289,0.592375,0.431375,8,0.21027685213238637
1_3348,0,Happiness,Happiness,0.7360953092575073,0.6737176179885864,0.5311818181818182,0.5126363636363637,11,0.2606467136345901
1_3371,0,Disgust,Disgust,0.47390565276145935,0.48335909843444824,0.5156052631578948,0.5150789473684212,19,0.0523928079378131
1_3419,1,Disgust,Neutral,0.5149868726730347,0.6107064485549927,0.6350416666666666,0.47104166666666664,12,0.18417221522468336
1_3649,0,Neutral,Neutral,0.8263397216796875,0.7740086317062378,0.5923333333333334,0.4124999999999999,6,0.430636134787852
1_3766,1,Frustration,Neutral,0.6132910251617432,0.6535606384277344,0.5966842105263158,0.4621052631578948,19,0.19217426209576177
1_3842,0,Surprise,Surprise,0.5157034993171692,0.7743324041366577,0.561375,0.5541875,8,0.22483252609878313
1_4286,0,Disgust,Disgust,0.20629547536373138,0.8651893138885498,0.6547222222222222,0.4215555555555555,9,0.6307911372480962
1_430,0,Excitement,Excitement,0.8631459474563599,0.785039484500885,0.529,0.4879285714285714,7,0.4471335470171885
1_4352,0,Sadness,Sadness,0.7000172734260559,0.7117225527763367,0.6076874999999999,0.402625,8,0.322592752852923
1_4639,0,Happiness,Happiness,0.7305346727371216,0.7368724942207336,0.7797142857142857,0.46964285714285714,7,0.2717173407520345
1_4743,1,Disgust,Happiness,0.9033198356628418,0.7959831953048706,0.6061944444444445,0.4835833333333333,18,0.4311347490826055
1_4789,1,Ridicule,Surprise,0.6315462589263916,0.6951711177825928,0.6107142857142858,0.45821428571428574,7,0.23787078713401894
1_5134,1,Disgust,Happiness,0.9571899771690369,0.7356805801391602,0.6258333333333334,0.47452083333333334,24,0.4219024043137759
1_5169,0,Excitement,Excitement,0.5020734667778015,0.7930624485015869,0.729142857142857,0.6090714285714285,7,0.2922553736985821
1_5211,1,Disgust,Neutral,0.6089373826980591,0.7266188859939575,0.5345555555555556,0.4558333333333333,9,0.2808157255902471
1_5617,1,Disgust,Happiness,0.7636166214942932,0.7456430196762085,0.6826,0.5479,5,0.2136960336295808
1_5627,1,Disgust,Happiness,0.7716761231422424,0.6938484311103821,0.5764117647058823,0.48567647058823527,17,0.28541852571828197
1_5919,0,Frustration,Frustration,0.5836527347564697,0.7423136234283447,0.6252142857142857,0.5102142857142857,14,0.23579114717334904
1_5953,0,Happiness,Happiness,0.7640295624732971,0.6198785901069641,0.6298333333333334,0.5055333333333334,15,0.17630503583849555
1_5964,1,Disgust,Happiness,0.4815768301486969,0.7407859563827515,0.7317499999999999,0.46575,4,0.37179482543040276
1_6032,1,Disgust,Excitement,0.5714484453201294,0.551335871219635,0.504,0.4701000000000001,5,0.10558673945584074
1_6092,0,Neutral,Neutral,0.6854859590530396,0.7976928949356079,0.5667727272727273,0.46404545454545454,11,0.3541376086758184
1_6113,0,Surprise,Surprise,0.7525829672813416,0.7024553418159485,0.6621538461538462,0.44453846153846155,13,0.2733103420655039
1_6188,1,Disgust,Surprise,0.7642320990562439,0.7632128000259399,0.63075,0.46975,4,0.3223939915189576
1_6428,1,Ridicule,Neutral,0.8137400150299072,0.721448540687561,0.5718,0.4508,10,0.3630228690440564
1_6472,1,Disgust,Neutral,0.8663815855979919,0.7571841478347778,0.7055,0.4104375,8,0.38225138635350875
1_6534,0,Excitement,Excitement,0.7285521030426025,0.7014721632003784,0.49779999999999996,0.4279,5,0.35789420439107195
1_6645,0,Anger,Anger,0.7560437321662903,0.7372117042541504,0.5611111111111112,0.45077777777777783,9,0.34647239570868277
1_672,0,Sadness,Sadness,0.5272378921508789,0.6463816165924072,0.6491363636363636,0.44018181818181823,11,0.23953620648049237
1_70,1,Disgust,Happiness,0.45920923352241516,0.6241937875747681,0.59275,0.415625,8,0.24765717324929146
1_7357,1,Frustration,Neutral,0.859068751335144,0.8196718692779541,0.6042,0.47400000000000003,5,0.4294730743798154
1_7400,0,Excitement,Excitement,0.8888918161392212,0.7779171466827393,0.5808333333333334,0.48355555555555557,9,0.4260854082922727
1_7494,0,Disgust,Disgust,0.7465840578079224,0.6702123880386353,0.5544,0.40490000000000004,5,0.3276055178446819
1_7575,1,Anger,Excitement,0.5195741653442383,0.8547412753105164,0.5644687500000001,0.44553125,16,0.4116653599054052
1_7894,0,Excitement,Excitement,0.7155650854110718,0.8310402631759644,0.6372222222222221,0.5433888888888889,9,0.29812902800946767
1_8078,0,Frustration,Frustration,0.5060869455337524,0.8135413527488708,0.657,0.53525,4,0.31657673165147354
1_8417,0,Sadness,Sadness,0.7783375978469849,0.7103843688964844,0.5633181818181817,0.5370909090909092,11,0.27615932445013336
1_8505,0,Anger,Anger,0.4921721816062927,0.8361501097679138,0.5024,0.5074,5,0.32890917126390695
1_8746,1,Frustration,Sadness,0.7600754499435425,0.7623981237411499,0.4961578947368421,0.5180789473684211,19,0.35964473566247335
1_9594,0,Sadness,Sadness,0.5889840722084045,0.768967866897583,0.5185,0.5225555555555556,9,0.25629481386871616
1_9971,1,Disgust,Happiness,0.5029974579811096,0.5669950246810913,0.59,0.5192333333333333,15,0.09925029711868515
1_S09E01_027,1,Ridicule,Excitement,0.6237337589263916,0.6209221482276917,0.5899,0.4748,10,0.1499880176739618
1_S09E01_379,0,Happiness,Happiness,0.7168185710906982,0.464286208152771,0.5840000000000001,0.45899999999999996,2,0.13292372558429613
1_S09E01_403,0,Frustration,Frustration,0.15519030392169952,0.6172762513160706,0.15899999999999997,0.594,1,0.023585963188682703
1_S09E02_064,0,Frustration,Frustration,0.20987673103809357,0.7284000515937805,0.459,0.6111666666666666,3,0.27532902077284777
1_S09E03_135,0,Surprise,Surprise,0.48149463534355164,0.6966066360473633,0.7588333333333334,0.371,3,0.4277106905850583
1_S09E03_170,0,Neutral,Neutral,0.4671442210674286,0.7625077366828918,0.585,0.35300000000000004,5,0.42612975844330303
1_S09E03_233,0,Fear,Fear,0.5420920848846436,0.6428746581077576,0.5947222222222222,0.4248888888888889,9,0.22424925181171562
1_S09E04_088,0,Excitement,Excitement,0.7785396575927734,0.5241549015045166,0.6068,0.40165000000000006,10,0.21095487878386307
1_S09E04_351,0,Neutral,Neutral,0.849673867225647,0.7714639902114868,0.7069375,0.402125,8,0.3959608064180286
1_S09E05_291,0,Sadness,Neutral,0.6317232847213745,0.4811193346977234,0.5751428571428571,0.4015714285714286,7,0.09761769385744405
1_S09E08_255,1,Frustration,Excitement,0.7755012512207031,0.7967385649681091,0.33999999999999997,0.632,1,0.4656180136147547
1_S09E10_208,1,Frustration,Happiness,0.6112297773361206,0.6039965748786926,0.412,0.43287499999999995,4,0.26263110548136565
1_S09E20_127,1,Frustration,Surprise,0.7144091129302979,0.6420526504516602,0.5915714285714285,0.5115714285714286,7,0.17920503888565031
1_S09E20_179,1,Ridicule,Neutral,0.20814825594425201,0.7338980436325073,0.45399999999999996,0.57375,4,0.29341178560952946
1_S09E20_354,1,Disgust,Neutral,0.3913591206073761,0.5567351579666138,0.5425,0.560125,4,0.15117888891173592
1_S09E21_024,1,Ridicule,Neutral,0.5675281286239624,0.605880856513977,0.5017499999999999,0.3991875,8,0.21690759745173654
1_S09E22_075,1,Ridicule,Neutral,0.6558511853218079,0.737426221370697,0.6045,0.537125,4,0.20677892425619115
1_S09E23_102,1,Frustration,Surprise,0.45225170254707336,0.7488725185394287,0.582375,0.435875,8,0.3389683158524744
1_S09E24_014,1,Ridicule,Surprise,0.6799483895301819,0.7364351749420166,0.5953333333333334,0.5805,3,0.1774133211441383
1_S10E01_075,1,Ridicule,Neutral,0.6239384412765503,0.6990386843681335,0.5499499999999999,0.46975,10,0.24093067513665234
1_S10E01_474,1,Ridicule,Surprise,0.5586065649986267,0.6315488815307617,0.518125,0.5201250000000001,4,0.11854972998754258
1_S10E02_372,0,Neutral,Neutral,0.7537206411361694,0.7259171605110168,0.5273000000000001,0.44015000000000004,10,0.364594537478338
1_S10E03_144,1,Frustration,Happiness,0.8427618741989136,0.808218240737915,0.5896250000000001,0.49275,8,0.404473099221038
1_S10E03_224,0,Frustration,Frustration,0.5788131952285767,0.6989037394523621,0.49712500000000004,0.44725,4,0.2645799800061588
1_S10E04_021,0,Neutral,Neutral,0.48946791887283325,0.6737499237060547,0.49711111111111106,0.5401666666666666,9,0.13380173746570895
1_S10E04_057,0,Fear,Neutral,0.4990426003932953,0.7025907039642334,0.7005,0.5855,4,0.23301355499441498
1_S10E04_158,0,Neutral,Neutral,0.28590673208236694,0.5482017993927002,0.58075,0.44525,4,0.3123005373587179
1_S10E04_262,0,Neutral,Neutral,0.5559276938438416,0.7006352543830872,0.5607,0.5559000000000001,5,0.14481391082138842
1_S10E04_343,0,Frustration,Frustration,0.6169825792312622,0.8890154957771301,0.6877142857142857,0.45035714285714284,7,0.44432434649530145
1_S10E04_398,0,Frustration,Frustration,0.6822803020477295,0.6949729919433594,0.547,0.482125,4,0.2522003723162305
1_S10E04_403,0,Anger,Anger,0.5998339653015137,0.7341490387916565,0.5587777777777778,0.32599999999999996,9,0.41020878635219077
1_S10E05_110,0,Anger,Anger,0.3062196671962738,0.9669021964073181,0.5520555555555556,0.4491666666666667,9,0.5731364259591517
1_S10E05_288,1,Disgust,Sadness,0.5715515613555908,0.8393020033836365,0.4878,0.5232,5,0.3270088692568564
1_S10E06_003,0,Sadness,Neutral,0.5135352611541748,0.5527186393737793,0.53,0.578625,4,0.030695718694258026
1_S10E07_140,1,Ridicule,Surprise,0.6788386702537537,0.905988335609436,0.7319999999999999,0.43333333333333335,3,0.47563523645437766
1_S10E07_247,0,Happiness,Happiness,0.720326840877533,0.6888217926025391,0.7863333333333333,0.6293333333333334,3,0.08885794186532553
1_S10E09_021,1,Anger,Happiness,0.8969480991363525,0.7646212577819824,0.68645,0.43034999999999995,10,0.39502749716844554
1_S10E09_324,0,Frustration,Frustration,0.26519161462783813,0.8726258277893066,0.45425000000000004,0.5525,4,0.37178437123864916
1_S10E10_269,1,Anger,Neutral,0.5178483128547668,0.675766110420227,0.5398333333333333,0.42408333333333337,6,0.2526411712441462
1_S10E14_032,1,Ridicule,Neutral,0.6528141498565674,0.8278813362121582,0.6715,0.23399999999999999,2,0.5941752287808044
1_S10E16_009,1,Ridicule,Surprise,0.8214874267578125,0.6805838942527771,0.6839999999999998,0.5373333333333333,3,0.19855355882033485
1_S10E17_287,1,Disgust,Happiness,0.7198538780212402,0.8320041298866272,0.6602,0.5182,5,0.3194238831034339
1_S10E18_266,1,Ridicule,Surprise,0.4058651924133301,0.627408504486084,0.5601666666666667,0.5029166666666667,6,0.1982603405636367
1_S10E18_423,1,Ridicule,Neutral,0.7355928421020508,0.6865799427032471,0.6041000000000001,0.44699999999999995,5,0.2732927303639195
1_S11E01_100,0,Disgust,Neutral,0.7115150690078735,0.825874388217926,0.5753333333333335,0.4598333333333333,9,0.39055283764473625
1_S11E03_006,0,Neutral,Neutral,0.7163723707199097,0.6688934564590454,0.6776249999999999,0.49312500000000004,4,0.1799886358182134
1_S11E03_220,0,Neutral,Neutral,0.605599045753479,0.7811150550842285,0.9199999999999999,0.431,1,0.4705619107277546
1_S11E03_321,0,Neutral,Neutral,0.37482622265815735,0.5209100246429443,0.41500000000000004,0.592,3,0.08165608968214637
1_S11E04_016,0,Neutral,Neutral,0.23588773608207703,0.5373712778091431,1.0,0.3705,1,0.7821212023896487
1_S11E04_137,0,Happiness,Happiness,0.6822339296340942,0.6833081245422363,0.385,0.15999999999999998,1,0.6018300442297962
1_S11E04_162,0,Neutral,Neutral,0.37074390053749084,0.4849606156349182,0.6971666666666666,0.4766666666666666,3,0.3265281179881918
1_S11E04_298,0,Neutral,Neutral,0.41829976439476013,0.5007749795913696,0.823,0.24,1,0.4814414509364725
1_S11E05_005,0,Happiness,Happiness,0.6719627380371094,0.722025990486145,0.5399999999999999,0.5045,5,0.25442429280088263
1_S11E05_193,1,Ridicule,Neutral,0.7018581628799438,0.7925156354904175,0.6981666666666667,0.4250833333333333,6,0.36745084543751894
1_S11E05_370,0,Fear,Fear,0.5260874032974243,0.7357797622680664,0.5,0.5115000000000001,2,0.22579186073422314
1_S11E05_402,0,Surprise,Surprise,0.7588434219360352,0.8458738923072815,0.6395000000000001,0.3393333333333333,3,0.5204096369640385
1_S11E06_060,0,Neutral,Neutral,0.6729283332824707,0.6313818693161011,0.8025,0.5855,2,0.1374553118213271
1_S11E07_153,0,Fear,Fear,0.4119834005832672,0.4874188303947449,0.6753125,0.4425,8,0.2671327683449924
1_S11E07_161,1,Ridicule,Sadness,0.36805710196495056,0.7567980885505676,0.4605,0.3595,2,0.4079110939445668
1_S11E07_220,0,Frustration,Frustration,0.6410989761352539,0.6992338299751282,0.5956428571428571,0.5309285714285714,7,0.1743356498490032
1_S11E07_381,0,Neutral,Neutral,0.41513627767562866,0.6547454595565796,0.5865,0.4855,2,0.24085171975591554
1_S11E07_415,0,Excitement,Excitement,0.7548415660858154,0.8263669013977051,0.6371666666666668,0.5540833333333334,6,0.2966238752885076
1_S11E08_283,0,Anger,Anger,0.49764934182167053,0.913630485534668,0.5766666666666667,0.429,3,0.4910299839472409
1_S11E08_428,0,Neutral,Neutral,0.6753097772598267,0.6806827187538147,0.6346,0.476,5,0.20869188130111319
1_S11E10_062,0,Neutral,Neutral,0.4863419830799103,0.6388180255889893,0.5,0.774,2,0.13587018669247727
1_S11E10_143,0,Neutral,Neutral,0.3353024423122406,0.7251827120780945,0.28,0.51,1,0.22217551553441436
1_S11E10_228,1,Ridicule,Sadness,0.4568152129650116,0.7180966138839722,0.48514285714285715,0.3841428571428572,7,0.3351530502116465
1_S11E11_077,0,Neutral,Neutral,0.20667320489883423,0.40736281871795654,0.765,0.361,1,0.5602484458589897
1_S11E11_182,0,Happiness,Happiness,0.9672555923461914,0.873237133026123,0.751,0.5579999999999999,3,0.3822838359903957
1_S11E11_217,0,Excitement,Excitement,0.7824563980102539,0.7095380425453186,0.6294285714285713,0.5021428571428571,7,0.25774071978722124
1_S11E11_343,0,Neutral,Neutral,0.4381750822067261,0.7811546325683594,0.8644999999999999,0.7555000000000001,2,0.42709611998197694
1_S11E12_237,0,Neutral,Neutral,0.18469859659671783,0.6069560050964355,0.5625,0.76125,2,0.4080937849034101
1_S11E12_279,0,Neutral,Neutral,0.9269738793373108,0.7612351179122925,0.5532,0.5027,5,0.454474773853055
1_S11E19_143,1,Ridicule,Neutral,0.2617291212081909,0.583478569984436,0.43520000000000003,0.5608,5,0.17494703005579001
1_S11E20_143,1,Ridicule,Neutral,0.6160528063774109,0.6503320336341858,0.6575,0.5,2,0.155940983053777
1_S11E21_080,1,Ridicule,Neutral,0.6809036731719971,0.6127341985702515,0.5764,0.44400000000000006,5,0.1984748031201558
1_S11E22_149,1,Frustration,Excitement,0.32676663994789124,0.4250337481498718,0.5899375,0.495375,8,0.27240923863263117
1_S11E22_260,1,Ridicule,Neutral,0.7324799299240112,0.6966894865036011,0.53175,0.4305,8,0.3333906829717191
1_S11E24_338,1,Anger,Excitement,0.19007807970046997,0.9864656925201416,0.483,0.641,2,0.4529346488185522
1_S12E01_274,0,Frustration,Frustration,0.3932183086872101,0.6394686102867126,0.563,0.41825,4,0.2788610697860422
1_S12E01_325,0,Disgust,Disgust,0.6146074533462524,0.5748172998428345,0.58575,0.33725,4,0.2393135486516515
1_S12E02_006,0,Neutral,Neutral,0.7816452980041504,0.7961631417274475,0.51225,0.395,4,0.4832242676722488
1_S12E02_118,1,Ridicule,Sadness,0.6821566820144653,0.773116946220398,0.4615,0.5755,4,0.2962124723084909
1_S12E02_262,1,Frustration,Excitement,0.6134852766990662,0.7000972032546997,0.448,0.544,1,0.22749002982132097
1_S12E02_274,1,Sadness,Excitement,0.648137092590332,0.5815289616584778,0.6768,0.4556,5,0.12914977988969847
1_S12E02_471,1,Ridicule,Neutral,0.6526510715484619,0.6998863816261292,0.6125999999999999,0.3558,5,0.3464094778621714
1_S12E03_118,1,Ridicule,Neutral,0.44997385144233704,0.536449670791626,0.5945416666666667,0.5033333333333333,12,0.14831232250014648
1_S12E03_174,0,Sadness,Sadness,0.49732768535614014,0.4044237732887268,0.62,0.5662499999999999,2,0.20306704417923288
1_S12E04_003,1,Ridicule,Surprise,0.8440830707550049,0.7547616362571716,0.5013749999999999,0.25475000000000003,4,0.6061851682062104
1_S12E04_233,0,Disgust,Disgust,0.3303190767765045,0.6522718667984009,0.3473333333333333,0.7345,3,0.08396993995473336
1_S12E04_249,0,Excitement,Excitement,0.547188401222229,0.7119810581207275,0.5387777777777778,0.5011666666666668,9,0.21098209931382883
1_S12E05_110,1,Frustration,Neutral,0.8420593738555908,0.7651963233947754,0.5206,0.512,5,0.409199837756884
1_S12E06_088,1,Ridicule,Neutral,0.7001374959945679,0.7643949389457703,0.4515833333333334,0.4825,6,0.37582433180871483
1_S12E06_287,0,Sadness,Sadness,0.3374616503715515,0.47855281829833984,0.49466666666666664,0.42191666666666666,6,0.1670959928304485
1_S12E06_316,1,Ridicule,Surprise,0.7664036750793457,0.7066996097564697,0.6407142857142858,0.5001428571428572,7,0.24179229650516731
1_S12E06_367,0,Neutral,Neutral,0.6612894535064697,0.7590563297271729,0.6136666666666667,0.5710000000000001,3,0.1939925590759719
1_S12E06_412,1,Ridicule,Neutral,0.7125317454338074,0.6595977544784546,0.6224999999999999,0.47833333333333333,6,0.20239196021318087
1_S12E07_005,0,Happiness,Happiness,0.4877817928791046,0.607040286064148,0.62675,0.5206875,8,0.16361224358658674
1_S12E07_179,0,Neutral,Neutral,0.5409337878227234,0.623112678527832,0.5968333333333333,0.38516666666666666,6,0.2444239426670935
1_S12E08_023,1,Sadness,Happiness,0.7351195812225342,0.7115470170974731,0.5588333333333334,0.4527916666666667,12,0.3130993014547017
1_S12E08_071,0,Neutral,Neutral,0.33738455176353455,0.5908872485160828,0.5818,0.3798,5,0.3229500546875984
1_S12E08_098,1,Frustration,Neutral,0.7527137994766235,0.7231032848358154,0.5561111111111111,0.5726666666666667,9,0.24755563649151086
1_S12E08_445,1,Frustration,Happiness,0.73065185546875,0.7476487755775452,0.5716,0.4434,5,0.34331444794603033
1_S12E09_090,1,Frustration,Neutral,0.438650518655777,0.5877164602279663,0.4398000000000001,0.30460000000000004,5,0.2831187937233668
1_S12E09_175,0,Excitement,Excitement,0.8339365720748901,0.883760929107666,0.66725,0.5044166666666666,6,0.41435067606676274
1_S12E10_076,0,Surprise,Neutral,0.7627964019775391,0.7949224710464478,0.625,0.359,1,0.4571829493334114
1_S12E11_072,1,Disgust,Neutral,0.6270412802696228,0.6199895143508911,0.5036666666666667,0.666,3,0.13167482702227323
1_S12E11_216,1,Ridicule,Neutral,0.4067119061946869,0.7404642701148987,0.7003333333333334,0.5051666666666667,3,0.3762691917542771
1_S12E15_013,1,Disgust,Excitement,0.5266505479812622,0.6748711466789246,0.5338125,0.5154375,8,0.1595944273778344
1_S12E15_273,1,Disgust,Neutral,0.4967960715293884,0.6468511819839478,0.5322142857142856,0.4742142857142858,7,0.17623265262053248
1_S12E18_159,1,Ridicule,Happiness,0.6713086366653442,0.6915260553359985,0.7769999999999999,0.45325,4,0.26066480934338265
1_S12E18_290,1,Ridicule,Neutral,0.725715696811676,0.6803535223007202,0.5661875000000001,0.42074999999999996,8,0.3047018778559223
1_S12E19_143,1,Disgust,Surprise,0.6325390338897705,0.7331036329269409,0.5148611111111111,0.49033333333333334,18,0.269787901645478
1_S12E21_285,1,Ridicule,Surprise,0.6233316659927368,0.721434473991394,0.643,0.4156000000000001,5,0.30646626053158593
1_S12E22_211,1,Ridicule,Neutral,0.6748831272125244,0.5753213167190552,0.688,0.415,1,0.16085700776234282
1_S12E23_576,1,Frustration,Happiness,0.9278876781463623,0.8169461488723755,0.7719999999999999,0.5566666666666668,3,0.3033914584412945
2_1,0,Neutral,Neutral,0.659878671169281,0.7015756964683533,0.6089374999999999,0.38756250000000003,8,0.31811835922557286
2_103,1,Frustration,Excitement,0.6427410244941711,0.7150774598121643,0.4848823529411765,0.526,17,0.24631209063604012
2_105,1,Ridicule,Neutral,0.744141161441803,0.7445627450942993,0.5326153846153846,0.4511153846153846,13,0.3617381755276347
2_11,1,Frustration,Neutral,0.8702799677848816,0.8348830938339233,0.698,0.544,1,0.3380730122005524
2_111,0,Surprise,Surprise,0.4800538122653961,0.9041598439216614,0.5,0.5066666666666667,3,0.3979933119656845
2_115,1,Ridicule,Sadness,0.5849123001098633,0.6629666686058044,0.5780714285714286,0.4456428571428571,7,0.2174314525366283
2_12,0,Happiness,Happiness,0.630505383014679,0.5848860144615173,0.6093333333333334,0.36333333333333334,3,0.2225620052991888
2_120,1,Frustration,Happiness,0.7861043214797974,0.7625946998596191,0.62795,0.51875,10,0.29064243849163324
2_121,1,Anger,Neutral,0.5389351844787598,0.6652870178222656,0.5486666666666666,0.44816666666666666,3,0.21733832757133326
2_124,1,Ridicule,Sadness,0.6733134388923645,0.6701503992080688,0.48550000000000004,0.46849999999999997,9,0.27556627393305855
2_126,1,Anger,Neutral,0.2868447005748749,0.7683157920837402,0.46114285714285713,0.5023571428571428,7,0.3179840412370299
2_129,1,Anger,Surprise,0.7872782349586487,0.7352469563484192,0.44525000000000003,0.55525,4,0.38649995834879886
2_131,0,Sadness,Sadness,0.6989728808403015,0.7806316614151001,0.51525,0.44799999999999995,4,0.37999726199017464
2_134,0,Sadness,Sadness,0.705653727054596,0.8717236518859863,0.505,0.3065,2,0.5997830398004189
2_140,1,Ridicule,Sadness,0.5944055318832397,0.8256005048751831,0.53175,0.6405000000000001,2,0.19541727810155204
2_144,1,Frustration,Neutral,0.7772475481033325,0.6698005199432373,0.5355,0.428,2,0.341920119997044
2_149,0,Neutral,Neutral,0.6499955058097839,0.6126841306686401,0.958,0.353,1,0.40286798850553784
2_170,1,Ridicule,Neutral,0.5784876942634583,0.6022429466247559,0.5765,0.4585,2,0.1437566890021205
2_172,1,Frustration,Excitement,0.520815908908844,0.8843182325363159,0.5814999999999999,0.41769999999999996,5,0.4705476956131813
2_173,0,Sadness,Sadness,0.43814775347709656,0.44328248500823975,0.5872857142857143,0.5837142857142857,7,0.2048492665441969
2_176,0,Fear,Happiness,0.7308387756347656,0.678497314453125,0.25975000000000004,0.5720000000000001,2,0.4829765134194315
2_177,1,Ridicule,Excitement,0.9076175689697266,0.703843355178833,0.591,0.5234,5,0.36442624687101516
2_180,0,Happiness,Happiness,0.7858170866966248,0.8732556104660034,0.5566666666666666,0.48183333333333334,3,0.4535651155409012
2_182,1,Frustration,Neutral,0.8766849040985107,0.8817113637924194,0.66,0.43133333333333335,3,0.49979267500073093
2_191,0,Surprise,Surprise,0.708504319190979,0.6933279633522034,0.694,0.47650000000000003,2,0.2173125421292067
2_194,0,Happiness,Happiness,0.7262624502182007,0.6745468378067017,0.52075,0.46675,4,0.2922582642067681
2_2,1,Ridicule,Happiness,0.7729052901268005,0.7923436760902405,0.5515,0.4809565217391305,23,0.38207625206366164
2_20,0,Sadness,Sadness,0.8462640047073364,0.796421468257904,0.5245000000000001,0.5458333333333333,3,0.40783144568593244
2_202,0,Neutral,Neutral,0.5666766166687012,0.3550102710723877,0.603,0.34099999999999997,1,0.03893168211308446
2_204,1,Anger,Happiness,0.6582690477371216,0.8704607486724854,0.625,0.5,2,0.37195160416956563
2_213,0,Neutral,Neutral,0.6887739300727844,0.7240619659423828,0.5231111111111111,0.40555555555555556,9,0.35901323519311956
2_222,1,Frustration,Neutral,0.5369072556495667,0.7338716983795166,0.5436875,0.40475,8,0.32919153096285614
2_227,1,Frustration,Neutral,0.7113529443740845,0.7448054552078247,0.5813181818181818,0.4850454545454545,11,0.2904897544098321
2_235,0,Happiness,Happiness,0.7391940355300903,0.7808002233505249,0.65525,0.54575,4,0.2495900811294566
2_236,1,Disgust,Sadness,0.6225779056549072,0.7771623134613037,0.5845555555555555,0.5172777777777777,9,0.26265123451931377
2_242,1,Ridicule,Neutral,0.8619652390480042,0.7875940799713135,0.6219,0.3646,5,0.4863695207246784
2_246,1,Ridicule,Excitement,0.7871144413948059,0.7073098421096802,0.5196842105263159,0.41705263157894734,19,0.3946747732595232
2_255,1,Frustration,Neutral,0.6535961627960205,0.8881934881210327,0.8865,0.453,2,0.49359656551407366
2_264,0,Fear,Fear,0.3488037586212158,0.4472099542617798,0.597,0.348,1,0.26729008447598673
2_271,1,Ridicule,Surprise,0.4797244369983673,0.5807887315750122,0.125,0.685,1,0.3697153157100116
2_278,0,Happiness,Happiness,0.7061890363693237,0.7822185754776001,0.603,0.34099999999999997,1,0.4531244956668226
2_279,1,Ridicule,Excitement,0.7648140788078308,0.7340326309204102,0.6107499999999999,0.49412500000000004,4,0.28511648804085193
2_281,1,Frustration,Happiness,0.5885426998138428,0.6909192204475403,0.5890555555555556,0.4689999999999999,9,0.22191981305204775
2_286,1,Ridicule,Neutral,0.8341959714889526,0.7275987863540649,0.49650000000000005,0.4891,10,0.4134250116432597
2_288,1,Ridicule,Neutral,0.7245305180549622,0.7627415657043457,0.5035,0.5742499999999999,4,0.2904884855778636
2_292,1,Frustration,Neutral,0.700059175491333,0.7353445887565613,0.5483333333333333,0.49849999999999994,9,0.28127582619524716
2_297,1,Ridicule,Sadness,0.6364496350288391,0.666721761226654,0.4914333333333333,0.42129999999999995,15,0.28506414829128335
2_3,1,Ridicule,Neutral,0.8521171808242798,0.797273576259613,0.6298333333333334,0.4035,6,0.4521810900686401
2_305,0,Fear,Fear,0.5228156447410583,0.5853477120399475,0.7084999999999999,0.5208333333333334,3,0.19657259434577662
2_310,1,Sadness,Happiness,0.7556235790252686,0.6605220437049866,0.66275,0.4388125,8,0.24037600431581388
2_312,1,Ridicule,Surprise,0.49471208453178406,0.6990966796875,0.4583333333333333,0.5846666666666667,3,0.12007348341206259
2_316,0,Sadness,Happiness,0.8762826919555664,0.7193408012390137,0.713,0.2905,2,0.458874351320245
2_34,1,Sadness,Neutral,0.7551097869873047,0.823879599571228,0.4533333333333333,0.4235,6,0.5013709721680988
2_342,1,Frustration,Neutral,0.8616442680358887,0.8449258208274841,0.619,0.45100000000000007,3,0.46265947858579454
2_344,1,Anger,Neutral,0.8782932758331299,0.8931146860122681,0.622,0.341,3,0.6087009690707763
2_350,1,Frustration,Sadness,0.7005035281181335,0.681725263595581,0.577075,0.49482499999999996,20,0.22397836968222307
2_352,1,Frustration,Neutral,0.6121299266815186,0.6220008730888367,0.566,0.26733333333333337,3,0.35765490894417173
2_356,0,Happiness,Happiness,0.5711872577667236,0.6298177242279053,0.603,0.34099999999999997,1,0.2905644995462922
2_367,0,Neutral,Neutral,0.4465099573135376,0.46300575137138367,1.0,0.3705,1,0.5611671242952907
2_369,1,Anger,Happiness,0.7800338268280029,0.8081867694854736,0.6657272727272727,0.5157272727272727,11,0.3140040534044796
2_371,0,Sadness,Sadness,0.20551154017448425,0.5144904851913452,0.5736666666666667,0.4668333333333334,3,0.371226886533953
2_372,1,Frustration,Happiness,0.6808638572692871,0.7367559671401978,0.46127777777777773,0.4047222222222222,9,0.3980759400801645
2_373,1,Ridicule,Neutral,0.7136720418930054,0.6423576474189758,0.6014,0.3931,5,0.2733759063774041
2_376,1,Disgust,Frustration,0.7958090901374817,0.8815581798553467,0.341,0.566375,4,0.5533459544764123
2_378,1,Frustration,Excitement,0.7004039287567139,0.8073821067810059,0.4546666666666666,0.6283333333333333,3,0.30404812982919094
2_39,1,Anger,Happiness,0.7585271596908569,0.8278244733810425,0.588,0.6320833333333333,6,0.2596037482383641
2_390,1,Frustration,Sadness,0.514142632484436,0.817823052406311,0.43979999999999997,0.426,5,0.3988134042402721
2_397,0,Happiness,Happiness,0.5715935826301575,0.5295455455780029,0.7697499999999999,0.3335,2,0.2787468774458792
2_398,1,Anger,Neutral,0.822216272354126,0.7866082191467285,0.48414999999999997,0.4707,10,0.462695156045394
2_406,1,Anger,Surprise,0.3828911781311035,0.5490753650665283,0.47455555555555556,0.5396666666666666,9,0.09214598034744627
2_410,1,Sadness,Happiness,0.7571098804473877,0.7193349599838257,0.5204,0.4004,5,0.39717889697377057
2_416,1,Ridicule,Neutral,0.5927177667617798,0.6579316854476929,0.449,0.4591,5,0.24533413056679174
2_433,1,Frustration,Excitement,0.859400749206543,0.7077399492263794,0.60975,0.47237499999999993,4,0.3431066246864441
2_438,1,Ridicule,Neutral,0.9140194654464722,0.8398385047912598,0.526,0.4224,5,0.5699245659275696
2_440,1,Anger,Neutral,0.7407623529434204,0.840339720249176,0.5877272727272728,0.4326363636363636,11,0.43547877419010544
2_442,1,Sadness,Neutral,0.7644776701927185,0.7570117712020874,0.6285,0.27275,4,0.5029904470651729
2_445,0,Neutral,Neutral,0.5306797027587891,0.7346006631851196,0.597,0.348,1,0.392247950410626
2_446,0,Happiness,Happiness,0.6232445240020752,0.5397942066192627,0.6972,0.5876,5,0.08806137808847524
2_45,1,Anger,Neutral,0.7356318235397339,0.7927675843238831,0.51025,0.397125,4,0.45533506444438987
2_450,1,Ridicule,Sadness,0.6221863031387329,0.7548401951789856,0.5317272727272727,0.4402272727272727,11,0.3273593242242979
2_456,1,Anger,Surprise,0.5809418559074402,0.757656455039978,0.47528571428571426,0.5277857142857142,7,0.25298967907269293
2_461,1,Ridicule,Surprise,0.841234564781189,0.7821686267852783,0.727,0.43883333333333335,6,0.3618406548751547
2_462,1,Frustration,Neutral,0.8499590158462524,0.8913537263870239,0.7518,0.4734,5,0.4293256453936849
2_464,1,Ridicule,Neutral,0.6770955324172974,0.5436310768127441,0.8664999999999999,0.486,2,0.19797826485471443
2_465,1,Ridicule,Neutral,0.6531369686126709,0.7240223288536072,0.644125,0.461,4,0.263176672700775
2_467,0,Frustration,Frustration,0.5005292296409607,0.495914489030838,0.57775,0.486125,4,0.07783881724646373
2_471,1,Sadness,Happiness,0.7159336805343628,0.5565227270126343,0.906,0.837,1,0.33881072364617226
2_474,1,Frustration,Happiness,0.9108946919441223,0.5770531892776489,0.917,0.456,1,0.12120705186063828
2_479,1,Frustration,Sadness,0.583844780921936,0.7247602939605713,0.45887500000000003,0.6363750000000001,4,0.15306667283302808
2_481,0,Neutral,Neutral,0.595924973487854,0.5365722179412842,0.62,0.426,2,0.11316281315880841
2_485,1,Ridicule,Neutral,1.0202784538269043,0.7751191258430481,0.5913571428571428,0.5077857142857143,7,0.5054113611098405
2_49,0,Neutral,Neutral,0.8288763761520386,0.8235607147216797,0.5445,0.5736666666666667,3,0.37857226333513516
2_492,1,Ridicule,Sadness,0.41972923278808594,0.7437278628349304,0.5518571428571428,0.3764285714285714,7,0.39034158641737143
2_494,1,Ridicule,Neutral,0.8495014905929565,0.814569354057312,0.5273333333333333,0.45999999999999996,3,0.4790738444005066
2_498,1,Anger,Neutral,0.9610787630081177,0.8923072814941406,0.525,0.5,5,0.5865745397304701
2_499,0,Neutral,Neutral,0.8220178484916687,0.7639138698577881,0.198,0.349,1,0.7493675964682065
2_502,1,Ridicule,Sadness,0.6834868788719177,0.7488644123077393,0.5569090909090909,0.48572727272727273,11,0.2919984428591226
2_505,1,Anger,Neutral,0.4889664947986603,0.9735370874404907,0.7110000000000001,0.36625,4,0.6466038076008737
2_507,1,Frustration,Neutral,0.6274677515029907,0.7012791633605957,0.5067142857142857,0.5057857142857143,7,0.22978052165311405
2_512,1,Anger,Excitement,0.5953195095062256,0.8801297545433044,0.5625,0.308125,4,0.572945511741191
2_517,0,Neutral,Neutral,0.5454925894737244,0.6103136539459229,0.603,0.34099999999999997,1,0.27538508759034486
2_518,1,Frustration,Happiness,0.8769708871841431,0.8322917222976685,0.4583333333333333,0.38966666666666666,3,0.6092407909575138
2_521,0,Disgust,Disgust,0.4946775734424591,0.6121679544448853,0.28900000000000003,0.33099999999999996,1,0.3483657314144134
2_522,0,Fear,Fear,0.3066697418689728,0.589701771736145,0.6111666666666666,0.47383333333333333,3,0.32579728701933447
2_527,1,Ridicule,Surprise,0.3908567726612091,0.6871273517608643,0.6732222222222222,0.4942777777777778,9,0.34193742891244144
2_534,0,Excitement,Excitement,0.5760021209716797,0.9528552293777466,0.5145,0.3845,2,0.5716731388171443
2_536,0,Disgust,Disgust,0.5654152631759644,0.4767284691333771,0.6685,0.444,2,0.10815551607705963
2_540,0,Neutral,Neutral,0.5691752433776855,0.5880554914474487,0.597,0.348,1,0.24166269065614404
2_546,1,Ridicule,Neutral,0.8379050493240356,0.7378177046775818,0.649,0.574590909090909,11,0.24965597220497204
2_552,0,Excitement,Excitement,0.45436611771583557,0.933387279510498,0.11499999999999999,0.923,1,0.339525046836235
2_553,0,Sadness,Sadness,0.33114612102508545,0.5095643997192383,0.4868,0.45940000000000003,5,0.1635377541704938
2_556,1,Frustration,Neutral,0.7975409030914307,0.7597708702087402,0.568,0.47471428571428576,7,0.3659867245620716
2_558,1,Anger,Excitement,0.5727909207344055,0.8041774034500122,0.5926666666666667,0.39466666666666667,9,0.40999279117711607
2_569,0,Neutral,Neutral,0.7083470821380615,0.6785789728164673,0.51,0.452,1,0.30113052969642307
2_570,0,Disgust,Disgust,0.7919315099716187,0.9585390090942383,0.5516,0.5035999999999999,5,0.5145179653626156
2_574,0,Frustration,Frustration,0.7624173760414124,0.8939766883850098,0.585,0.524,2,0.41031655495453573
2_58,0,Happiness,Happiness,0.4652270972728729,0.541096568107605,0.5,0.8335,1,0.2944637868168525
2_581,1,Frustration,Neutral,0.8022046089172363,0.7910032868385315,0.5862142857142857,0.52375,14,0.3436220875370404
2_589,1,Anger,Neutral,0.598991870880127,0.801852822303772,0.5417500000000001,0.46849999999999997,12,0.33823177840017826
2_590,0,Neutral,Neutral,0.29639217257499695,0.40634506940841675,0.6945,0.3745,2,0.3993794570363915
2_591,0,Anger,Anger,0.5324112772941589,0.7297635078430176,0.5788863636363636,0.4681136363636364,22,0.26574534595302335
2_595,0,Neutral,Neutral,0.43159136176109314,0.6178128719329834,0.6103333333333334,0.5151111111111111,9,0.20614641417556748
2_596,1,Ridicule,Neutral,0.5049852728843689,0.7180534601211548,0.28300000000000003,0.43,1,0.36366503442772363
2_598,1,Ridicule,Neutral,0.706337571144104,0.6954621076583862,0.542016129032258,0.4854032258064517,31,0.26669508841109496
2_599,1,Anger,Neutral,0.41884154081344604,0.6884225606918335,0.49642857142857144,0.4967857142857143,7,0.20674725686246706
2_602,0,Surprise,Surprise,0.2738208472728729,0.6003047227859497,0.48,0.275,1,0.3851402415823612
2_604,1,Frustration,Neutral,0.8363638520240784,0.7613824605941772,0.6498571428571428,0.40914285714285714,7,0.3985693048941716
2_608,1,Anger,Happiness,0.5945905447006226,0.6559956073760986,0.6091428571428572,0.5185714285714286,7,0.13819252771967935
2_609,0,Neutral,Neutral,0.6132906079292297,0.37890365719795227,0.72725,0.45775,4,0.13857665320824264
2_612,1,Disgust,Sadness,0.5675364136695862,0.5504394769668579,0.7174999999999999,0.46908333333333335,6,0.1706103728733928
2_617,1,Ridicule,Surprise,0.7041904330253601,0.6698776483535767,0.5227999999999999,0.5548,5,0.21481469769016534
2_622,1,Anger,Excitement,0.7359204292297363,0.6984893083572388,0.5438333333333333,0.4379166666666667,12,0.32372141419361994
2_623,1,Disgust,Happiness,0.8555933237075806,0.7657139301300049,0.6097142857142857,0.46885714285714286,7,0.3854613514666203
2_627,0,Neutral,Neutral,0.22675499320030212,0.7796723246574402,0.357,0.447,3,0.3572599017371508
2_7,0,Happiness,Happiness,0.5889102220535278,0.5099216103553772,0.5961428571428572,0.48199999999999993,7,0.02884315057640045
2_71,1,Ridicule,Excitement,0.8139430284500122,0.7430655360221863,0.5978333333333332,0.43575,12,0.37569434252331724
2_74,1,Ridicule,Excitement,0.8008184432983398,0.7294083833694458,0.54325,0.56775,4,0.3040969185913478
2_84,1,Disgust,Happiness,0.6581839323043823,0.7185240387916565,0.6448571428571429,0.45549999999999996,7,0.2633614404183837
2_89,1,Anger,Neutral,0.7376453876495361,0.7457453012466431,0.7000000000000001,0.388,4,0.3597205523393614
2_9,1,Anger,Happiness,0.5366371273994446,0.7854964733123779,0.5707142857142857,0.4024285714285714,7,0.3845806419627441
2_92,1,Frustration,Neutral,0.6642683744430542,0.7593149542808533,0.5505,0.45425000000000004,8,0.3255884969617232
2_97,1,Ridicule,Neutral,0.6441759467124939,0.5040270686149597,0.6288888888888889,0.37099999999999994,9,0.1339025583071192
3_S01E01_568,0,Happiness,Happiness,0.5689489841461182,0.31680193543434143,0.75,0.45825,2,0.2297542715839975
3_S01E03_021,0,Neutral,Neutral,0.4260863661766052,0.22359153628349304,0.5630000000000001,0.468625,4,0.2806897601759554
3_S01E03_024,0,Excitement,Excitement,0.4885621666908264,0.4215717315673828,0.565,0.44925,4,0.08129470403678835
3_S01E03_122,1,Ridicule,Excitement,0.49003785848617554,0.4204573631286621,0.5874166666666666,0.46541666666666665,12,0.1072565674319074
3_S01E03_359,0,Anger,Anger,0.34854307770729065,0.48932185769081116,0.5589999999999999,0.405375,4,0.2265815329127261
3_S01E04_009,0,Happiness,Happiness,0.7011592984199524,0.4310672879219055,0.6831666666666667,0.4523333333333333,3,0.027856408326456115
3_S01E04_327,1,Ridicule,Happiness,0.3511890470981598,0.2132757604122162,0.5585,0.37925000000000003,6,0.2655659605442913
3_S01E05_520,1,Disgust,Neutral,0.2838137447834015,0.2569386959075928,0.5845,0.5335,4,0.4085319803852256
3_S01E06_054,0,Frustration,Frustration,0.16671006381511688,0.614280104637146,0.69675,0.54825,4,0.5341369755683156
3_S01E06_266,1,Ridicule,Neutral,0.3836481273174286,0.419198215007782,0.297,0.4535,2,0.09319072068220995
3_S02E02_081,1,Anger,Happiness,0.3646204173564911,0.4503639042377472,0.5682857142857143,0.4470714285714285,7,0.203691908453139
3_S02E03_229,0,Anger,Anger,0.3240804374217987,0.7561337947845459,0.53,0.47759999999999997,5,0.3463869816974612
3_S02E03_244,1,Ridicule,Neutral,0.533455491065979,0.41830363869667053,0.719,0.353,1,0.19670111850874736
3_S02E04_395,0,Neutral,Neutral,0.5014117360115051,0.3059459924697876,0.6360999999999999,0.5215,5,0.2541740714915062
3_S02E05_179,0,Excitement,Excitement,0.5220873355865479,0.296722412109375,0.6421250000000001,0.5201250000000001,4,0.25360945793496154
3_S03E01_409,0,Disgust,Disgust,0.5269479155540466,0.41339874267578125,0.589,0.4395,2,0.06731817598533703
3_S03E02_111,1,Disgust,Surprise,0.6131107807159424,0.6248680353164673,0.5926,0.3388,5,0.2868023935663736
3_S03E03_111,0,Happiness,Happiness,0.43665215373039246,0.3590180575847626,0.5948333333333333,0.4513333333333333,6,0.18314856187563278
3_S03E03_126,1,Disgust,Surprise,0.4437662661075592,0.2340182512998581,0.4768333333333334,0.4810833333333333,6,0.24926810003512623
3_S03E03_316,0,Sadness,Neutral,0.36646151542663574,0.41912344098091125,0.5704444444444444,0.4058888888888889,9,0.20441181154659538
3_S03E03_511,0,Sadness,Sadness,0.07448883354663849,0.36330556869506836,0.5455555555555556,0.5745555555555556,9,0.5162658361084747
3_S03E04_437,0,Neutral,Neutral,0.5491378307342529,0.2581062912940979,0.958,0.353,1,0.4197297814173459
3_S04E05_313,1,Ridicule,Neutral,0.37952497601509094,0.3853314518928528,0.616375,0.513875,4,0.2694835386839546
3_S04E05_320,0,Neutral,Neutral,0.40713003277778625,0.43132132291793823,0.55675,0.5985,4,0.22435428380685002
3_S04E05_485,0,Surprise,Surprise,0.5737139582633972,0.6562048196792603,0.6569999999999999,0.41333333333333333,3,0.25675498754265885
3_S04E06_526,0,Disgust,Disgust,0.18115630745887756,0.2758619785308838,0.66675,0.37775000000000003,4,0.49616771675977994
3_S04E07_292,1,Ridicule,Neutral,0.4929904043674469,0.31172582507133484,0.605,0.3966,5,0.1405338930065972
3_S05E02_072,1,Ridicule,Happiness,0.5694213509559631,0.433788537979126,0.5651875000000001,0.4994375,8,0.06578534569594863
3_S05E02_532,0,Frustration,Frustration,0.30828678607940674,0.36216795444488525,0.5451,0.39,5,0.23844311910219312
3_S05E03_098,0,Neutral,Neutral,0.6390931606292725,0.4957689046859741,0.65725,0.4471,10,0.051945481990899225
3_S05E05_119,0,Fear,Fear,0.2814652621746063,0.3549782633781433,0.297,0.662,2,0.30741450004449117
3_S05E06_207,0,Neutral,Neutral,0.43036577105522156,0.3130429983139038,0.6717142857142857,0.5144285714285715,7,0.3143330313327883
3_S06E01_317,0,Neutral,Neutral,0.5686162114143372,0.5003265738487244,0.6383333333333333,0.47383333333333333,6,0.07458129042645033
3_S06E01_417,1,Disgust,Neutral,0.6841728687286377,0.5543017983436584,0.6155,0.3425,2,0.2226566070904442
3_S06E01_460,1,Ridicule,Surprise,0.5465012788772583,0.3361944556236267,0.6081666666666666,0.5236666666666666,6,0.19735361654802328
3_S06E02_398,0,Sadness,Disgust,0.21672318875789642,0.6197916269302368,0.5850833333333333,0.5559166666666667,6,0.373857200894017
3_S06E06_143,1,Frustration,Neutral,0.4389471709728241,0.34178492426872253,0.585,0.49533333333333335,6,0.21191635801210468
3_S06E07_272,1,Ridicule,Surprise,0.4284574091434479,0.29631635546684265,0.3265,0.61325,2,0.3329297948762083
